{"Bank-Statement_4": {"summary": "## Key Information\n\n**Account Holder:** Jane Doe\n**Address:** 100 Main Street, Anytown, USA 555-0100\n**Account Number:** 333 008755555\n**Statement Period:** May 1, 2021 - May 31, 2021\n\n| Account Summary | Amount |\n|-----------------|--------|\n| Opening Balance | $50,000.00 |\n| Closing Balance | $123,084.85 |\n\n## Document Overview\nThis account statement for Jane Doe shows significant growth from **$50,000.00** to **$123,084.85** [[Cite-1, Page-4]](#cite-1-page-4) over May 2021. The document includes investment valuations and insurance benefits.\n\n## Detailed Sections\n\n### Investment Breakdown\n| Investment Name          | Units      | Value  | Allocation | \n|--------------------------|------------|--------|------------|\n| BT Active Balanced       | 1,3297.909 | $17,287.28 | 40%        |\n| First Choice Moderate    | 2,3000.568 | $23,005.68 | 30%        |\n| First Choice Lifestaged  | 7,100.988  | $63,908.89 | 20%        |\n| Perpetual Balanced Growth| 8,210.002  | $18,883.00 | 10%        |\n\n### Insurance Coverage\n| Benefit Type                          | Coverage Amount | Benefit Amount |\n|---------------------------------------|-----------------|----------------|\n| Death/Terminal Illness                | $10,000.00      | $17,000.00     |\n| Total Permanent Disability            | $10,000.00      | $17,000.00     |\n\n## Summary and Conclusions\nThe account shows **146.17% growth** over one month, driven primarily by the *First Choice Lifestaged* investment (63.9k/123.1k = 52% of total). Insurance benefits provide $17k coverage for both death and disability.\n\n## References\n- [[Cite-1, Page-4]](#cite-1-page-4): Statement shows opening balance $50,000 and closing balance $123,084.85"}, "US-drivers-licenses_2": {"summary": "## Key Information\n\n**License Holder Details**:\n| Field          | Value         | Citation                    |\n| -------------- | ------------- | --------------------------- |\n| Full Name      | JOHN DOE      | [[Cite-1, Page-2]](#cite-1-page-2) |\n| Address        | 123 ANY STREET, ANY CITY, CA 92127 | [[Cite-1, Page-2]](#cite-1-page-2) |\n| Date of Birth  | 09/21/1970    | [[Cite-1, Page-2]](#cite-1-page-2) |\n| Sex            | M             | [[Cite-2, Page-2]](#cite-2-page-2) |\n| Height         | 5'11\"         | [[Cite-2, Page-2]](#cite-2-page-2) |\n| Weight         | 185LB         | [[Cite-2, Page-2]](#cite-2-page-2) |\n\n**License Information**:\n| Field            | Value          | Citation                    |\n| ---------------- | -------------- | --------------------------- |\n| License Number   | 6383736743891101 | [[Cite-1, Page-2]](#cite-1-page-2) |\n| Expiration Date  | 09/21/2034     | [[Cite-1, Page-2]](#cite-1-page-2) |\n| Class            | C              | [[Cite-2, Page-2]](#cite-2-page-2) |\n| Endorsements     | NONE           | [[Cite-2, Page-2]](#cite-2-page-2) |\n| Restrictions     | NONE           | [[Cite-2, Page-2]](#cite-2-page-2) |\n\n## Document Overview\nThis document is a California Driver License for **JOHN DOE** with expiration date **09/21/2034** [[Cite-1, Page-2]](#cite-1-page-2). The license number is **6383736743891101** and contains personal identifiers and physical characteristics.\n\n## Detailed Sections\n- **Personal Details**: Holder is male, 5'11\" tall, 185LB, with black hair and blue eyes [[Cite-2, Page-2]](#cite-2-page-2)\n- **License Status**: Class C license with no endorsements/restrictions [[Cite-2, Page-2]](#cite-2-page-2)\n\n## Summary and Conclusions\nThe document provides a valid California driver license for John Doe expiring in 2034. All critical personal and license details match between text and extracted attributes. No discrepancies detected.\n\n## References\n- [[Cite-1, Page-2]](#cite-1-page-2): \"DRIVER LICENSE EXPIRES 09/21/2034... LN DOE FN JOHN 123 ANY STREET...\"\n- [[Cite-2, Page-2]](#cite-2-page-2): \"DONOR SEX M HAIR BLK... CLASS C END NONE... RESTRICTIONS NONE\""}, "Bank-checks_3": {"summary": "## Key Information\n\n| Field                   | Value                                      | Citation                        |\n|-------------------------|--------------------------------------------|---------------------------------|\n| **Date**                | 07/25/2008                                 | [[Cite-1, Page-3]](#cite-1-page-3)|\n| **Dollar Amount**       | $291.90                                    | [[Cite-2, Page-3]](#cite-2-page-3)|\n| **Check Number**        | 0000000000                                 | [[Cite-1, Page-3]](#cite-1-page-3)|\n| **Account Holder**      | ANY COMPANY CORP.                          | [[Cite-1, Page-3]](#cite-1-page-3)|\n| **Payee Name**          | JOHN STILES                                | [[Cite-2, Page-3]](#cite-2-page-3)|\n| **Bank Name**           | BANK NAME                                  | [[Cite-1, Page-3]](#cite-1-page-3)|\n| **Routing Number**      | 122000496                                  | [[Cite-1, Page-3]](#cite-1-page-3)|\n| **Amount in Words**     | TWO HUNDRED NINETY-ONE AND 90/100 DOLLARS | [[Cite-2, Page-3]](#cite-2-page-3)|\n| **Is Signed**           | True                                       | [[Cite-1, Page-3]](#cite-1-page-3)|\n\n\n## Document Overview\nThis payroll check from **ANY COMPANY CORP.** dated **July 25, 2008** [[Cite-1, Page-3]](#cite-1-page-3) shows payment of **$291.90** to **JOHN STILES** [[Cite-2, Page-3]](#cite-2-page-3). The check is marked *VOID* and contains standard routing/account numbers and security features.\n\n## Detailed Sections\n- **Payroll Details**: Check #0000000000 issued to John Stiles for $291.90 [[Cite-2, Page-3]](#cite-2-page-3)\n- **Company Information**: Issued by ANY COMPANY CORP. at 475 ANY AVENUE, ANYTOWN, USA [[Cite-1, Page-3]](#cite-1-page-3)\n- **Bank Details**: Drawn on BANK NAME with routing number 122000496 [[Cite-1, Page-3]](#cite-1-page-3)\n\n## Summary and Conclusions\nThis voided payroll check shows a standard corporate payment structure with proper security notations. The extracted attributes confirm key financial and identity details while the physical document shows standard void markings.\n\n## References\n- **[Cite-1, Page-3]**: Payroll check header showing date, company name, and address\n- **[Cite-2, Page-3]**: Payee details showing name and amount in both numbers and words"}, "Homeowners-Insurance-Application_6": {"summary": "## Key Information\n\n**Named Insured**: Ziggy Starpixel\n**Mailing Address**: 42 Rainbow Sparkle Boulevard, Unicornville, NV 12345\n**Insurance Company**: Fake Insurance Co\n**Policy Number**: 123456\n**Effective Date**: 10/10/2009\n**Expiration Date**: 10/09/2010\n\n| **Attribute**                  | **Value**                                   | \n|--------------------------------|--------------------------------------------| \n| Primary Email                  | rainbow.unicorn.987654@fakeemail.nowhere     | \n| Primary Phone                  | 555-555-1212                               | \n| Alternate Phone                | 555-555-1213                               | \n| Insured Property               | 42 Rainbow Sparkle Blvd, Unicornville NV  | \n| Primary Applicant DOB          | 02/20/2000                                 | \n| Co-Applicant Name              | Luna Starlight-Glitterdust                 | \n| Co-Applicant DOB               | 02/29/2000                                 | \n| Relationship to Primary        | Domestic Partner                           | \n\n## Document Overview\nThis homeowners insurance application from Fake Insurance Co includes personal information for primary applicant Ziggy Starpixel and co-applicant Luna Starlight-Glitterdust. The policy covers property at 42 Rainbow Sparkle Blvd [[Cite-1, Page-6]](#cite-1-page-6) and contains notices about information practices and underwriting procedures.\n\n## Detailed Sections\n### Insurance Details\n- **Policy Term**: Runs from October 10, 2009, to October 9, 2010 [[Cite-1, Page-6]](#cite-1-page-6)\n- **Underwriting Information**: May include driving records, prior insurance history, credit reports, and claim history [[Cite-1, Page-6]](#cite-1-page-6)\n\n### Applicant Information\n- **Primary Applicant**: Ziggy Starpixel (M, Single, DOB 02/20/2000)\n  - Existing Esurance policy #123456 [[Cite-1, Page-6]](#cite-1-page-6)\n  - Current auto insurance with Fake Auto Ins Co\n- **Co-Applicant**: Luna Starlight-Glitterdust (F, Single, Graduate, DOB 02/29/2000)\n  - Domestic partner relationship status\n\n### Auto History\n- **Claims Reference**: HI50100 NV 02 16 (specific details not provided)\n\n## Summary and Conclusions\nThe application shows a standard homeowners insurance request with comprehensive personal and property details. Both applicants have existing auto insurance with Fake Auto Ins Co, and the policy includes standard underwriting disclosures about information collection practices.\n\n## References"}, "Payslip_1": {"summary": "## Key Information\n\n**Employee Details**\n- **Name**: John Stiles\n- **Address**: 101 Main Street, Anytown, USA 12345\n- **Pay Period**: Ending 07/18/2008 [[Cite-1, Page-1]](#cite-1-page-1)\n- **Pay Date**: 07/25/2008 [[Cite-1, Page-1]](#cite-1-page-1)\n\n**Financial Summary**\n| Metric             | Value     | YTD Total  |\n|-------------------|-----------|------------|\n| Gross Pay         | **$452.43** | $23,526.80 |\n| Net Pay           | **$291.90** | N/A        |\n| Federal Tax       | $40.60    | $2,111.20  |\n| State Tax (NY)    | $8.43     | $438.36    |\n| City Tax (NYC)    | $5.94     | $308.88    |\n\n**Work Hours**\n- **Regular Hours**: 32.00 @ $10.00/hr\n- **Overtime Hours**: 1.00 @ $15.00/hr\n- **Holiday Hours**: 8.00 @ $10.00/hr\n\n## Document Overview\nThis earnings statement from Any Company Corp. details John Stiles' compensation for the period ending 07/18/2008. The report includes gross earnings, statutory deductions, voluntary deductions, and year-to-date totals. Key highlights include a regular hourly rate increase to $10.00 [[Cite-2, Page-1]](#cite-2-page-1) and participation in benefits like 401(k) and life insurance.\n\n## Detailed Sections\n\n### Earnings Breakdown\n- **Regular Pay**: $320.00 (32 hours @ $10.00/hr)\n- **Overtime**: $15.00 (1 hour @ $15.00/hr)\n- **Holiday Pay**: $80.00 (8 hours @ $10.00/hr)\n- **Tuition Reimbursement**: $37.43 (non-taxable)\n\n### Deductions\n- **Federal Taxes**: $40.60\n- **Social Security**: $28.05\n- **Medicare**: $6.56\n- **State/City Taxes**: $8.43 (NY) + $5.94 (NYC)\n- **Voluntary Deductions**: 401(k) ($28.85), Stock Plan ($15.00), Loan ($30.00)\n\n### Benefits & Information\n- **Life Insurance**: $0.51/period\n- **Vacation Hours**: 40.00 total\n- **Sick Hours**: 16.00 total\n\n## Summary and Conclusions\nJohn Stiles' earnings statement shows a gross pay of $452.43 for the period, with net pay of $291.90 after deductions. The report highlights a recent hourly rate increase and participation in multiple benefit programs. Statutory deductions total $89.58, while voluntary deductions account for $78.85.\n\n## References"}, "W2_5": {"summary": "## Key Information\n\n**Employer Information**\n- **Name**: John Stiles\n- **EIN**: 49-6314795\n- **Address**: 100 Main Street, Anytown, USA\n\n**Employee Information**\n- **Name**: Arnav M. Desai\n- **SSN**: 753-95-1846\n- **Address**: 123 Any Street, Any Town, USA\n\n**Financial Summary**\n| Category                          | Amount  |\n|----------------------------------|---------|\n| Wages, Tips, Other Compensation  | $100.00 |\n| Federal Income Tax Withheld      | $500.00 |\n| Social Security Wages            | $1,000.00|\n| Medicare Wages & Tips           | $500.00 |\n| Dependent Care Benefits          | $5,000.00|\n| State Income Tax (Any Town)      | $500.00 |\n| Local Income Tax (Any Town)      | $550.00 |\n\n**Codes**\n- **A**: $500.00 (twice)\n- **B**: $1,000.00\n- **C**: $1,500.00\n\n---\n\n## Document Overview\nThis is a **Form W-2 Wage and Tax Statement** for tax year 2022 [[Cite-1, Page-5]](#cite-1-page-5). It reports wages paid and taxes withheld for employee Arnav Desai by employer John Stiles. The form includes federal, state, and local tax information.\n\n---\n\n## Detailed Sections\n\n### 1. **Employer Identification**\n- **EIN**: 49-6314795 [[Cite-1, Page-5]](#cite-1-page-5)\n- **Name**: John Stiles\n- **Address**: 100 Main Street, Anytown, USA\n\n### 2. **Employee Information**\n- **Name**: Arnav Desai\n- **SSN**: 753-95-1846 [[Cite-2, Page-5]](#cite-2-page-5)\n- **Address**: 123 Any Street, Any Town, USA\n\n### 3. **Wages and Taxes**\n- **Wages**: $100.00 [[Cite-3, Page-5]](#cite-3-page-5)\n- **Federal Tax**: $500.00\n- **Social Security**: $100.00 (6.2% of $1,613.00)\n- **Medicare**: $5,000.00 (error suspected)\n- **Dependent Care**: $5,000.00 (Code 10)\n\n### 4. **State/Local Taxes**\n- **State**: Any Town\n  - **Wages**: $50.00\n  - **Tax**: $500.00\n- **Local**: Any Town\n  - **Wages**: $100.00\n  - **Tax**: $550.00\n\n---\n\n## Summary and Conclusions\nThis W-2 shows **$100.00 in wages** and **$5,000.00 in Medicare tax withheld** (likely an error). Key figures include $500.00 federal tax and $5,000.00 in dependent care benefits. State taxes total $500.00 and local taxes $550.00 for Any Town.\n\n---\n\n## References\n\n- [Cite-1, Page-5]: Form W-2 Wage and Tax Statement 2022\n- [Cite-2, Page-5]: Employee SSN: 75395184613\n- [Cite-3, Page-5]: Wages: $100.00"}, "metadata": {"section_summaries": {"Bank-Statement_4": {"section_id": "4", "classification": "Bank-Statement", "summary_uri": "s3://idp-benchmark-p2-outputbucket-hdbv0ym8i6bt/lending_package.pdf/sections/4/summary.json", "summary_md_uri": "s3://idp-benchmark-p2-outputbucket-hdbv0ym8i6bt/lending_package.pdf/sections/4/summary.md"}, "US-drivers-licenses_2": {"section_id": "2", "classification": "US-drivers-licenses", "summary_uri": "s3://idp-benchmark-p2-outputbucket-hdbv0ym8i6bt/lending_package.pdf/sections/2/summary.json", "summary_md_uri": "s3://idp-benchmark-p2-outputbucket-hdbv0ym8i6bt/lending_package.pdf/sections/2/summary.md"}, "Bank-checks_3": {"section_id": "3", "classification": "Bank-checks", "summary_uri": "s3://idp-benchmark-p2-outputbucket-hdbv0ym8i6bt/lending_package.pdf/sections/3/summary.json", "summary_md_uri": "s3://idp-benchmark-p2-outputbucket-hdbv0ym8i6bt/lending_package.pdf/sections/3/summary.md"}, "Homeowners-Insurance-Application_6": {"section_id": "6", "classification": "Homeowners-Insurance-Application", "summary_uri": "s3://idp-benchmark-p2-outputbucket-hdbv0ym8i6bt/lending_package.pdf/sections/6/summary.json", "summary_md_uri": "s3://idp-benchmark-p2-outputbucket-hdbv0ym8i6bt/lending_package.pdf/sections/6/summary.md"}, "Payslip_1": {"section_id": "1", "classification": "Payslip", "summary_uri": "s3://idp-benchmark-p2-outputbucket-hdbv0ym8i6bt/lending_package.pdf/sections/1/summary.json", "summary_md_uri": "s3://idp-benchmark-p2-outputbucket-hdbv0ym8i6bt/lending_package.pdf/sections/1/summary.md"}, "W2_5": {"section_id": "5", "classification": "W2", "summary_uri": "s3://idp-benchmark-p2-outputbucket-hdbv0ym8i6bt/lending_package.pdf/sections/5/summary.json", "summary_md_uri": "s3://idp-benchmark-p2-outputbucket-hdbv0ym8i6bt/lending_package.pdf/sections/5/summary.md"}}}}