{"document_class": {"type": "Bank-checks"}, "split_document": {"page_indices": [0]}, "inference_result": {"date": "07/25/2008", "dollar_amount": 291.9, "check_number": "0000000000", "account_holder_name": "ANY COMPANY CORP.", "payee_name": "JOHN STILES", "bank_name": "BANK NAME", "memo": null, "routing_number_valid": null, "bank_routing_number": "122000496", "amount_in_words": "TWO HUNDRED NINETY-ONE AND 90/100 DOLLARS", "is_signed": true}, "metadata": {"parsing_succeeded": true, "extraction_time_seconds": 3.944406509399414, "assessment_time_seconds": 2.964952230453491, "granular_assessment_used": true, "assessment_tasks_total": 4, "assessment_tasks_successful": 4, "assessment_tasks_failed": 0}, "explainability_info": [{"date": {"confidence": 0.99, "geometry": [{"boundingBox": {"top": 0.085, "left": 0.75, "width": 0.068, "height": 0.014}, "page": 1}], "confidence_threshold": 0.8}, "dollar_amount": {"confidence": 1.0, "geometry": [{"boundingBox": {"top": 0.173, "left": 0.885, "width": 0.056, "height": 0.014}, "page": 1}], "confidence_threshold": 0.8}, "check_number": {"confidence": 0.99, "geometry": [{"boundingBox": {"top": 0.069, "left": 0.75, "width": 0.09, "height": 0.014}, "page": 1}], "confidence_threshold": 0.8}, "account_holder_name": {"confidence": 0.99, "geometry": [{"boundingBox": {"top": 0.069, "left": 0.156, "width": 0.146, "height": 0.014}, "page": 1}], "confidence_threshold": 0.8}, "payee_name": {"confidence": 0.99, "geometry": [{"boundingBox": {"top": 0.153, "left": 0.156, "width": 0.108, "height": 0.015}, "page": 1}], "confidence_threshold": 0.8}, "bank_name": {"confidence": 0.99, "geometry": [{"boundingBox": {"top": 0.242, "left": 0.053, "width": 0.065, "height": 0.008}, "page": 1}], "confidence_threshold": 0.8}, "memo": {"confidence": 0.0, "confidence_threshold": 0.8}, "routing_number_valid": {"confidence": 0.0, "confidence_threshold": 0.8}, "bank_routing_number": {"confidence": 0.95, "geometry": [{"boundingBox": {"top": 0.298, "left": 0.356, "width": 0.14, "height": 0.016}, "page": 1}], "confidence_threshold": 0.8}, "amount_in_words": {"confidence": 0.99, "geometry": [{"boundingBox": {"top": 0.173, "left": 0.157, "width": 0.379, "height": 0.015}, "page": 1}], "confidence_threshold": 0.8}, "is_signed": {"confidence": 0.95, "geometry": [{"boundingBox": {"top": 0.207, "left": 0.532, "width": 0.347, "height": 0.06}, "page": 1}], "confidence_threshold": 0.8}}]}