{"document_class": {"type": "Payslip"}, "split_document": {"page_indices": [0]}, "inference_result": {"PayDate": "07/25/2008", "PayPeriodEndDate": "07/18/2008", "CurrentGrossPay": 452.43, "YTDGrossPay": 23526.8, "CurrentNetPay": 291.9, "EmployeeName": {"FirstName": "John", "LastName": "Stiles", "MiddleName": null, "SuffixName": null}, "EmployeeAddress": {"Line1": "101 Main Street", "City": "Anytown", "State": "USA", "ZipCode": "12345", "Line2": null}, "CompanyAddress": {"Line1": "475 Any Avenue", "City": "Anytown", "State": "USA", "ZipCode": "10101", "Line2": null}, "RegularHourlyRate": 10.0, "HolidayHourlyRate": 10.0, "FederalFilingStatus": "Married", "StateFilingStatus": null, "FederalTaxes": [{"ItemDescription": "Federal Income Tax", "Period": "40.60", "YTD": "2,111.20"}], "StateTaxes": [{"ItemDescription": "NY State Income Tax", "Period": "8.43", "YTD": "438.36"}], "CityTaxes": [{"ItemDescription": "NYC Income Tax", "Period": "5.94", "YTD": "308.88"}], "CurrentTotalDeductions": null, "YTDTotalDeductions": null, "is_gross_pay_valid": null, "are_field_names_sufficient": null, "is_ytd_gross_pay_highest": null, "PayrollNumber": null, "EmployeeNumber": null, "currency": null, "YTDNetPay": null, "PayPeriodStartDate": null, "YTDCityTax": null, "YTDStateTax": null, "YTDFederalTax": null}, "metadata": {"parsing_succeeded": true, "extraction_time_seconds": 8.143244981765747, "assessment_time_seconds": 4.391580104827881, "granular_assessment_used": true, "assessment_tasks_total": 12, "assessment_tasks_successful": 12, "assessment_tasks_failed": 0}, "explainability_info": [{"CurrentGrossPay": {"confidence": 0.95, "geometry": [{"boundingBox": {"top": 0.325, "left": 0.33, "width": 0.065, "height": 0.014}, "page": 1}], "confidence_threshold": 0.8}, "HolidayHourlyRate": {"confidence": 0.95, "geometry": [{"boundingBox": {"top": 0.296, "left": 0.142, "width": 0.039, "height": 0.012}, "page": 1}], "confidence_threshold": 0.8}, "CompanyAddress": {"Line1": {"confidence": 0.99, "geometry": [{"boundingBox": {"top": 0.084, "left": 0.141, "width": 0.161, "height": 0.012}, "page": 1}]}, "City": {"confidence": 0.99, "geometry": [{"boundingBox": {"top": 0.1, "left": 0.141, "width": 0.063, "height": 0.012}, "page": 1}]}, "State": {"confidence": 0.99, "geometry": [{"boundingBox": {"top": 0.1, "left": 0.208, "width": 0.028, "height": 0.012}, "page": 1}]}, "ZipCode": {"confidence": 0.99, "geometry": [{"boundingBox": {"top": 0.115, "left": 0.266, "width": 0.039, "height": 0.012}, "page": 1}]}, "Line2": {"confidence": 0.0, "geometry": [{"boundingBox": {"top": 0.0, "left": 0.0, "width": 0.0, "height": 0.0}, "page": 1}]}, "confidence_threshold": 0.8}, "PayPeriodEndDate": {"confidence": 1.0, "geometry": [{"boundingBox": {"top": 0.08, "left": 0.722, "width": 0.07, "height": 0.013}, "page": 1}], "confidence_threshold": 0.8}, "PayDate": {"confidence": 1.0, "geometry": [{"boundingBox": {"top": 0.095, "left": 0.725, "width": 0.071, "height": 0.014}, "page": 1}], "confidence_threshold": 0.8}, "currency": {"confidence": 0.0, "confidence_threshold": 0.8}, "YTDGrossPay": {"confidence": 1.0, "geometry": [{"boundingBox": {"top": 0.327, "left": 0.442, "width": 0.066, "height": 0.013}, "page": 1}], "confidence_threshold": 0.8}, "EmployeeAddress": {"Line1": {"confidence": 0.99, "geometry": [{"boundingBox": {"top": 0.173, "left": 0.555, "width": 0.16, "height": 0.014}, "page": 1}]}, "City": {"confidence": 0.99, "geometry": [{"boundingBox": {"top": 0.188, "left": 0.555, "width": 0.085, "height": 0.013}, "page": 1}]}, "State": {"confidence": 0.99, "geometry": [{"boundingBox": {"top": 0.195, "left": 0.162, "width": 0.033, "height": 0.01}, "page": 1}]}, "ZipCode": {"confidence": 0.99, "geometry": [{"boundingBox": {"top": 0.188, "left": 0.698, "width": 0.054, "height": 0.013}, "page": 1}]}, "Line2": {"confidence": 0.0}, "confidence_threshold": 0.8}, "is_gross_pay_valid": {"confidence": 0.0, "confidence_threshold": 0.8}, "StateFilingStatus": {"confidence": 0.0, "confidence_threshold": 0.8}, "YTDCityTax": {"confidence": 0.0, "confidence_threshold": 0.8}, "EmployeeNumber": {"confidence": 0.0, "confidence_threshold": 0.8}, "RegularHourlyRate": {"confidence": 0.95, "geometry": [{"boundingBox": {"top": 0.265, "left": 0.142, "width": 0.035, "height": 0.012}, "page": 1}], "confidence_threshold": 0.8}, "are_field_names_sufficient": {"confidence": 0.95, "geometry": [{"boundingBox": {"top": 0.79, "left": 0.139, "width": 0.201, "height": 0.01}, "page": 1}], "confidence_threshold": 0.8}, "YTDTotalDeductions": {"confidence": 0.85, "geometry": [{"boundingBox": {"top": 0.328, "left": 0.44, "width": 0.068, "height": 0.012}, "page": 1}], "confidence_threshold": 0.8}, "is_ytd_gross_pay_highest": {"confidence": 0.9, "geometry": [{"boundingBox": {"top": 0.328, "left": 0.023, "width": 0.409, "height": 0.012}, "page": 1}], "confidence_threshold": 0.8}, "PayrollNumber": {"confidence": 0.0, "confidence_threshold": 0.8}, "YTDStateTax": {"confidence": 0.0, "confidence_threshold": 0.8}, "CurrentTotalDeductions": {"confidence": 0.0, "confidence_threshold": 0.8}, "FederalFilingStatus": {"confidence": 0.99, "geometry": [{"boundingBox": {"top": 0.173, "left": 0.278, "width": 0.045, "height": 0.01}, "page": 1}], "confidence_threshold": 0.8}, "EmployeeName": {"FirstName": {"confidence": 0.99, "geometry": [{"boundingBox": {"top": 0.163, "left": 0.554, "width": 0.046, "height": 0.012}, "page": 1}]}, "LastName": {"confidence": 0.99, "geometry": [{"boundingBox": {"top": 0.163, "left": 0.604, "width": 0.054, "height": 0.012}, "page": 1}]}, "MiddleName": null, "SuffixName": null, "confidence_threshold": 0.8}, "CurrentNetPay": {"confidence": 0.61, "geometry": [{"boundingBox": {"top": 0.607, "left": 0.34, "width": 0.06, "height": 0.013}, "page": 1}], "confidence_threshold": 0.8}, "YTDFederalTax": {"confidence": 0.95, "geometry": [{"boundingBox": {"top": 0.371, "left": 0.449, "width": 0.06, "height": 0.014}, "page": 1}], "confidence_threshold": 0.8}, "FederalTaxes": [{"ItemDescription": {"confidence": 0.99, "geometry": [{"boundingBox": {"top": 0.371, "left": 0.141, "width": 0.131, "height": 0.013}, "page": 1}], "confidence_threshold": 0.9}, "Period": {"confidence": 0.96, "geometry": [{"boundingBox": {"top": 0.371, "left": 0.36, "width": 0.039, "height": 0.013}, "page": 1}], "confidence_threshold": 0.9}, "YTD": {"confidence": 0.99, "geometry": [{"boundingBox": {"top": 0.371, "left": 0.45, "width": 0.059, "height": 0.013}, "page": 1}], "confidence_threshold": 0.9}}], "CityTaxes": [{"ItemDescription": {"confidence": 0.989, "geometry": [{"boundingBox": {"top": 0.434, "left": 0.141, "width": 0.111, "height": 0.013}, "page": 1}], "confidence_threshold": 0.9}, "Period": {"confidence": 0.966, "geometry": [{"boundingBox": {"top": 0.434, "left": 0.366, "width": 0.032, "height": 0.013}, "page": 1}], "confidence_threshold": 0.9}, "YTD": {"confidence": 1.0, "geometry": [{"boundingBox": {"top": 0.434, "left": 0.459, "width": 0.048, "height": 0.013}, "page": 1}], "confidence_threshold": 0.9}}], "StateTaxes": [{"ItemDescription": {"confidence": 0.88, "geometry": [{"boundingBox": {"top": 0.42, "left": 0.141, "width": 0.143, "height": 0.013}, "page": 1}], "confidence_threshold": 0.9}, "Period": {"confidence": 0.88, "geometry": [{"boundingBox": {"top": 0.42, "left": 0.363, "width": 0.033, "height": 0.013}, "page": 1}], "confidence_threshold": 0.9}, "YTD": {"confidence": 0.99, "geometry": [{"boundingBox": {"top": 0.42, "left": 0.454, "width": 0.051, "height": 0.013}, "page": 1}], "confidence_threshold": 0.9}}]}]}