{"document_class": {"type": "Homeowners-Insurance-Application"}, "split_document": {"page_indices": [0]}, "inference_result": {"Expiration Date": "10/09/2010", "Purchase Date and Time": "10/06/2009 at 1pm", "Policy Number": "123456", "Alternate Phone number": "555 555 1213", "Named Insured(s) and Mailing Address": "Ziggy Starpixel, 42 Rainbow Sparkle Boulevard Unicornville, NV 12345", "Insurance Company": "Fake Insurance Co 650 Davis Street San Francisco, CA 94111", "Primary Phone number": "555 555 1212", "Primary Email": "rainbow.unicorn.987654@fakeemail.nowhere", "Insured Property": "42 Rainbow Sparkle Boulevard Unicornville, NV 12345", "Effective Date": "10/10/2009", "Primary Applicant Information": {"Name": "Ziggy Starpixel", "Date of Birth": "2/20/2000", "Gender": "M", "Marital Status": "S", "Education Level": null, "Existing Esurance Policy": "123456", "Drivers License Number": "1234567A", "DL State": "NV", "Currently Insured Auto": "Fake Auto Ins Co", "Length of Time with Current Auto Carrier": "1 Year", "Length of Time with Prior Auto Carrier": "2 years", "Years with Prior Property Company": "1 Year", "Type of Current Property Policy": "Home"}, "Co-Applicant Information": {"Name": "Luna Starlight-Glitterdust", "Date of Birth": "2/29/2000", "Gender": "F", "Marital Status": "S", "Education Level": "Graduate", "Relationship to Primary Applicant": "Domestic Partner", "Drivers License Number": "987654A", "DL State": "NV", "Currently Insured- Auto": "Fake Auto Ins Co.", "Length of Time with Current Auto Carrier": "1 year", "Length of Time with Prior Auto Carrier": "6 months"}, "Auto Claims, Accidents, and Violations": {"Number of Auto Accidents": "HI50100 NV 02 16", "Number of Violations": null, "At-Fault": null, "Not-at-Fault": null, "Major": null, "Minor": null, "Number of Comp Claims": null}}, "metadata": {"parsing_succeeded": true, "extraction_time_seconds": 7.7615203857421875, "assessment_time_seconds": 7.466267108917236, "granular_assessment_used": true, "assessment_tasks_total": 5, "assessment_tasks_successful": 5, "assessment_tasks_failed": 0}, "explainability_info": [{"Expiration Date": {"confidence": 1.0, "geometry": [{"boundingBox": {"top": 0.417, "left": 0.742, "width": 0.068, "height": 0.015}, "page": 1}], "confidence_threshold": 0.8}, "Purchase Date and Time": {"confidence": 1.0, "geometry": [{"boundingBox": {"top": 0.417, "left": 0.299, "width": 0.121, "height": 0.015}, "page": 1}], "confidence_threshold": 0.8}, "Policy Number": {"confidence": 1.0, "geometry": [{"boundingBox": {"top": 0.417, "left": 0.109, "width": 0.05, "height": 0.015}, "page": 1}], "confidence_threshold": 0.8}, "Alternate Phone number": {"confidence": 0.975, "geometry": [{"boundingBox": {"top": 0.228, "left": 0.218, "width": 0.09, "height": 0.013}, "page": 1}], "confidence_threshold": 0.8}, "Named Insured(s) and Mailing Address": {"confidence": 0.999, "geometry": [{"boundingBox": {"top": 0.08, "left": 0.08, "width": 0.225, "height": 0.06}, "page": 1}], "confidence_threshold": 0.8}, "Insurance Company": {"confidence": 0.998, "geometry": [{"boundingBox": {"top": 0.08, "left": 0.628, "width": 0.17, "height": 0.06}, "page": 1}], "confidence_threshold": 0.8}, "Co-Applicant Information": {"Name": {"confidence": 0.99, "geometry": [{"boundingBox": {"top": 0.73, "left": 0.101, "width": 0.188, "height": 0.014}, "page": 1}]}, "Date of Birth": {"confidence": 1.0, "geometry": [{"boundingBox": {"top": 0.769, "left": 0.101, "width": 0.072, "height": 0.014}, "page": 1}]}, "Gender": {"confidence": 1.0, "geometry": [{"boundingBox": {"top": 0.769, "left": 0.224, "width": 0.048, "height": 0.014}, "page": 1}]}, "Marital Status": {"confidence": 0.99, "geometry": [{"boundingBox": {"top": 0.754, "left": 0.361, "width": 0.103, "height": 0.014}, "page": 1}]}, "Education Level": {"confidence": 0.99, "geometry": [{"boundingBox": {"top": 0.754, "left": 0.576, "width": 0.115, "height": 0.014}, "page": 1}]}, "Relationship to Primary Applicant": {"confidence": 0.99, "geometry": [{"boundingBox": {"top": 0.793, "left": 0.08, "width": 0.246, "height": 0.014}, "page": 1}]}, "Drivers License Number": {"confidence": 1.0, "geometry": [{"boundingBox": {"top": 0.808, "left": 0.361, "width": 0.175, "height": 0.014}, "page": 1}]}, "DL State": {"confidence": 0.99, "geometry": [{"boundingBox": {"top": 0.793, "left": 0.576, "width": 0.063, "height": 0.014}, "page": 1}]}, "Currently Insured- Auto": {"confidence": 0.98, "geometry": [{"boundingBox": {"top": 0.793, "left": 0.728, "width": 0.171, "height": 0.014}, "page": 1}]}, "Length of Time with Current Auto Carrier": {"confidence": 1.0, "geometry": [{"boundingBox": {"top": 0.847, "left": 0.077, "width": 0.306, "height": 0.014}, "page": 1}]}, "Length of Time with Prior Auto Carrier": {"confidence": 1.0, "geometry": [{"boundingBox": {"top": 0.847, "left": 0.505, "width": 0.28, "height": 0.014}, "page": 1}]}, "confidence_threshold": 0.8}, "Insured Property": {"confidence": 0.99, "geometry": [{"boundingBox": {"top": 0.213, "left": 0.63, "width": 0.223, "height": 0.03}, "page": 1}], "confidence_threshold": 0.8}, "Primary Phone number": {"confidence": 0.96, "geometry": [{"boundingBox": {"top": 0.21, "left": 0.215, "width": 0.093, "height": 0.014}, "page": 1}], "confidence_threshold": 0.8}, "Auto Claims, Accidents, and Violations": {"Number of Auto Accidents": {"confidence": 0.4, "geometry": [{"boundingBox": {"top": 0.934, "left": 0.079, "width": 0.206, "height": 0.015}, "page": 1}]}, "Number of Violations": {"confidence": 0.0, "geometry": [{"boundingBox": {"top": 0.934, "left": 0.363, "width": 0.149, "height": 0.015}, "page": 1}]}, "At-Fault": {"confidence": 0.0, "geometry": [{"boundingBox": {"top": 0.952, "left": 0.079, "width": 0.061, "height": 0.014}, "page": 1}]}, "Not-at-Fault": {"confidence": 0.0, "geometry": [{"boundingBox": {"top": 0.952, "left": 0.184, "width": 0.091, "height": 0.014}, "page": 1}]}, "Major": {"confidence": 0.0, "geometry": [{"boundingBox": {"top": 0.952, "left": 0.318, "width": 0.042, "height": 0.014}, "page": 1}]}, "Minor": {"confidence": 0.0, "geometry": [{"boundingBox": {"top": 0.952, "left": 0.452, "width": 0.041, "height": 0.014}, "page": 1}]}, "Number of Comp Claims": {"confidence": 0.0, "geometry": [{"boundingBox": {"top": 0.945, "left": 0.679, "width": 0.173, "height": 0.015}, "page": 1}]}, "confidence_threshold": 0.8}, "Effective Date": {"confidence": 1.0, "geometry": [{"boundingBox": {"top": 0.419, "left": 0.55, "width": 0.079, "height": 0.013}, "page": 1}], "confidence_threshold": 0.8}, "Primary Email": {"confidence": 0.95, "geometry": [{"boundingBox": {"top": 0.197, "left": 0.21, "width": 0.316, "height": 0.013}, "page": 1}], "confidence_threshold": 0.8}, "Primary Applicant Information": {"Name": {"confidence": 0.99, "geometry": [{"boundingBox": {"top": 0.455, "left": 0.08, "width": 0.143, "height": 0.015}, "page": 1}]}, "Date of Birth": {"confidence": 1.0, "geometry": [{"boundingBox": {"top": 0.505, "left": 0.08, "width": 0.1, "height": 0.015}, "page": 1}]}, "Gender": {"confidence": 0.99, "geometry": [{"boundingBox": {"top": 0.49, "left": 0.225, "width": 0.05, "height": 0.015}, "page": 1}]}, "Marital Status": {"confidence": 0.99, "geometry": [{"boundingBox": {"top": 0.49, "left": 0.365, "width": 0.1, "height": 0.015}, "page": 1}]}, "Education Level": {"confidence": 0.4, "geometry": [{"boundingBox": {"top": 0.49, "left": 0.575, "width": 0.12, "height": 0.015}, "page": 1}]}, "Existing Esurance Policy": {"confidence": 1.0, "geometry": [{"boundingBox": {"top": 0.525, "left": 0.08, "width": 0.1, "height": 0.015}, "page": 1}]}, "Drivers License Number": {"confidence": 1.0, "geometry": [{"boundingBox": {"top": 0.525, "left": 0.405, "width": 0.13, "height": 0.015}, "page": 1}]}, "DL State": {"confidence": 1.0, "geometry": [{"boundingBox": {"top": 0.525, "left": 0.585, "width": 0.06, "height": 0.015}, "page": 1}]}, "Currently Insured Auto": {"confidence": 0.99, "geometry": [{"boundingBox": {"top": 0.525, "left": 0.735, "width": 0.17, "height": 0.015}, "page": 1}]}, "Length of Time with Current Auto Carrier": {"confidence": 0.99, "geometry": [{"boundingBox": {"top": 0.585, "left": 0.08, "width": 0.305, "height": 0.015}, "page": 1}]}, "Length of Time with Prior Auto Carrier": {"confidence": 0.99, "geometry": [{"boundingBox": {"top": 0.585, "left": 0.505, "width": 0.28, "height": 0.015}, "page": 1}]}, "Years with Prior Property Company": {"confidence": 1.0, "geometry": [{"boundingBox": {"top": 0.635, "left": 0.08, "width": 0.26, "height": 0.015}, "page": 1}]}, "Type of Current Property Policy": {"confidence": 1.0, "geometry": [{"boundingBox": {"top": 0.635, "left": 0.505, "width": 0.23, "height": 0.015}, "page": 1}]}, "confidence_threshold": 0.8}}]}