{"document_class": {"type": "W2"}, "split_document": {"page_indices": [0]}, "inference_result": {"employer_info": {"control_number": "753951852", "employer_address": "100 Main Street, Anytown, USA", "employer_name": "John Stiles", "ein": "4963147952", "employer_zip_code": null}, "filing_info": {"verification_code": null, "omb_number": "1545-0008"}, "codes": [{"code": "A", "amount": "$500.00"}, {"code": "C", "amount": "$1500.00"}, {"code": "A", "amount": "$500.00"}, {"code": "B", "amount": "$1000.00"}], "federal_tax_info": {"federal_income_tax": "$500.00", "allocated_tips": "$150.00", "social_security_tax": "$100.00", "medicare_tax": "$5000.00"}, "employee_general_info": {"employee_last_name": "Desai", "employee_name_suffix": "M", "employee_zip_code": null, "employee_address": "123 Any Street, Any Town, USA", "first_name": "Arnav", "ssn": "75395184613"}, "federal_wage_info": {"social_security_tips": "$500.00", "wages_tips_other_compensation": "$100.00", "medicare_wages_tips": "$500.00", "social_security_wages": "$1000.00"}, "state_taxes_table": [{"state_name": "Any Town", "local_wages_tips": "$100.00", "employer_state_id_number": "7414568313", "state_wages_and_tips": "$50.00", "state_income_tax": "$500.00", "local_income_tax": "$550.00", "locality_name": "Any Town"}], "nonqualified_plans_incom": "$500.00"}, "metadata": {"parsing_succeeded": true, "extraction_time_seconds": 9.946647882461548, "assessment_time_seconds": 6.101879358291626, "granular_assessment_used": true, "assessment_tasks_total": 7, "assessment_tasks_successful": 7, "assessment_tasks_failed": 0}, "explainability_info": [{"employer_info": {"control_number": {"confidence": 1.0, "geometry": [{"boundingBox": {"top": 0.192, "left": 0.156, "width": 0.078, "height": 0.014}, "page": 1}]}, "employer_address": {"confidence": 0.95, "geometry": [{"boundingBox": {"top": 0.115, "left": 0.101, "width": 0.253, "height": 0.016}, "page": 1}]}, "employer_name": {"confidence": 0.99, "geometry": [{"boundingBox": {"top": 0.099, "left": 0.101, "width": 0.086, "height": 0.015}, "page": 1}]}, "ein": {"confidence": 1.0, "geometry": [{"boundingBox": {"top": 0.059, "left": 0.204, "width": 0.091, "height": 0.014}, "page": 1}]}, "employer_zip_code": {"confidence": 0.0}, "confidence_threshold": 0.8}, "filing_info": {"verification_code": {"confidence": 0.0}, "omb_number": {"confidence": 1.0, "geometry": [{"boundingBox": {"top": 0.028, "left": 0.459, "width": 0.107, "height": 0.013}, "page": 1}]}, "confidence_threshold": 0.8}, "federal_tax_info": {"federal_income_tax": {"confidence": 1.0, "geometry": [{"boundingBox": {"top": 0.059, "left": 0.815, "width": 0.06, "height": 0.014}, "page": 1}]}, "allocated_tips": {"confidence": 1.0, "geometry": [{"boundingBox": {"top": 0.16, "left": 0.821, "width": 0.059, "height": 0.014}, "page": 1}]}, "social_security_tax": {"confidence": 1.0, "geometry": [{"boundingBox": {"top": 0.093, "left": 0.815, "width": 0.06, "height": 0.014}, "page": 1}]}, "medicare_tax": {"confidence": 1.0, "geometry": [{"boundingBox": {"top": 0.134, "left": 0.815, "width": 0.065, "height": 0.014}, "page": 1}]}, "confidence_threshold": 0.8}, "employee_general_info": {"employee_last_name": {"confidence": 0.99, "geometry": [{"boundingBox": {"top": 0.231, "left": 0.273, "width": 0.046, "height": 0.015}, "page": 1}]}, "employee_name_suffix": {"confidence": 0.99, "geometry": [{"boundingBox": {"top": 0.216, "left": 0.504, "width": 0.017, "height": 0.015}, "page": 1}]}, "employee_zip_code": {"confidence": 0.0}, "employee_address": {"confidence": 0.99, "geometry": [{"boundingBox": {"top": 0.303, "left": 0.105, "width": 0.229, "height": 0.015}, "page": 1}]}, "first_name": {"confidence": 0.99, "geometry": [{"boundingBox": {"top": 0.231, "left": 0.061, "width": 0.044, "height": 0.015}, "page": 1}]}, "ssn": {"confidence": 1.0, "geometry": [{"boundingBox": {"top": 0.026, "left": 0.273, "width": 0.099, "height": 0.015}, "page": 1}]}, "confidence_threshold": 0.8}, "federal_wage_info": {"social_security_tips": {"confidence": 1.0, "geometry": [{"boundingBox": {"top": 0.16, "left": 0.598, "width": 0.062, "height": 0.015}, "page": 1}]}, "wages_tips_other_compensation": {"confidence": 1.0, "geometry": [{"boundingBox": {"top": 0.057, "left": 0.604, "width": 0.056, "height": 0.015}, "page": 1}]}, "medicare_wages_tips": {"confidence": 1.0, "geometry": [{"boundingBox": {"top": 0.113, "left": 0.604, "width": 0.056, "height": 0.015}, "page": 1}]}, "social_security_wages": {"confidence": 1.0, "geometry": [{"boundingBox": {"top": 0.094, "left": 0.598, "width": 0.062, "height": 0.015}, "page": 1}]}, "confidence_threshold": 0.8}, "nonqualified_plans_incom": {"confidence": 1.0, "geometry": [{"boundingBox": {"top": 0.216, "left": 0.61, "width": 0.06, "height": 0.015}, "page": 1}], "confidence_threshold": 0.8}, "codes": [{"Item #1": {"code": {"confidence": 0.99, "geometry": [{"boundingBox": {"top": 0.226, "left": 0.788, "width": 0.013, "height": 0.014}, "page": 1}]}, "amount": {"confidence": 1.0, "geometry": [{"boundingBox": {"top": 0.226, "left": 0.86, "width": 0.059, "height": 0.014}, "page": 1}]}, "confidence_threshold": 0.9}}, {"Item #2": {"code": {"confidence": 0.95, "geometry": [{"boundingBox": {"top": 0.26, "left": 0.786, "width": 0.015, "height": 0.013}, "page": 1}]}, "amount": {"confidence": 1.0, "geometry": [{"boundingBox": {"top": 0.26, "left": 0.858, "width": 0.065, "height": 0.013}, "page": 1}]}, "confidence_threshold": 0.9}}, {"Item_3": {"code": {"confidence": 0.99, "geometry": [{"boundingBox": {"top": 0.226, "left": 0.788, "width": 0.014, "height": 0.014}, "page": 1}]}, "amount": {"confidence": 1.0, "geometry": [{"boundingBox": {"top": 0.226, "left": 0.86, "width": 0.059, "height": 0.014}, "page": 1}]}, "confidence_threshold": 0.9}}, {"Item_4": {"code": {"confidence": 0.99, "geometry": [{"boundingBox": {"top": 0.319, "left": 0.79, "width": 0.013, "height": 0.014}, "page": 1}]}, "amount": {"confidence": 1.0, "geometry": [{"boundingBox": {"top": 0.319, "left": 0.866, "width": 0.072, "height": 0.014}, "page": 1}]}, "confidence_threshold": 0.9}}], "state_taxes_table": [{"state_name": {"confidence": 1.0, "geometry": [{"boundingBox": {"top": 0.403, "left": 0.894, "width": 0.064, "height": 0.014}, "page": 1}], "confidence_threshold": 0.9}, "local_wages_tips": {"confidence": 1.0, "geometry": [{"boundingBox": {"top": 0.403, "left": 0.596, "width": 0.077, "height": 0.016}, "page": 1}], "confidence_threshold": 0.9}, "employer_state_id_number": {"confidence": 1.0, "geometry": [{"boundingBox": {"top": 0.403, "left": 0.11, "width": 0.091, "height": 0.014}, "page": 1}], "confidence_threshold": 0.9}, "state_wages_and_tips": {"confidence": 1.0, "geometry": [{"boundingBox": {"top": 0.403, "left": 0.302, "width": 0.066, "height": 0.016}, "page": 1}], "confidence_threshold": 0.9}, "state_income_tax": {"confidence": 1.0, "geometry": [{"boundingBox": {"top": 0.403, "left": 0.456, "width": 0.077, "height": 0.014}, "page": 1}], "confidence_threshold": 0.9}, "local_income_tax": {"confidence": 1.0, "geometry": [{"boundingBox": {"top": 0.403, "left": 0.751, "width": 0.078, "height": 0.016}, "page": 1}], "confidence_threshold": 0.9}, "locality_name": {"confidence": 1.0, "geometry": [{"boundingBox": {"top": 0.359, "left": 0.894, "width": 0.076, "height": 0.012}, "page": 1}], "confidence_threshold": 0.9}}]}]}