{"document_class": {"type": "US-drivers-licenses"}, "split_document": {"page_indices": [0]}, "inference_result": {"STATE_NAME": "CA", "NAME_DETAILS": {"SuffixName": null, "LastName": "DOE", "MiddleName": null, "FirstName": "JOHN"}, "ID_NUMBER": "6383736743891101", "EXPIRATION_DATE": "09/21/2034", "ENDORSEMENTS": ["NONE"], "PERSONAL_DETAILS": {"HAIR_COLOR": "BLK", "HEIGHT": "5'11\"", "WEIGHT": "185LB", "SEX": "M", "EYE_COLOR": "BLU"}, "RESTRICTIONS": ["NONE"], "CLASS": "C", "ADDRESS_DETAILS": {"City": "ANY CITY", "Line1": "123 ANY STREET", "State": "CA", "ZipCode": "92127", "Line2": null}, "DATE_OF_BIRTH": "09/21/1970", "DATE_OF_ISSUE": null, "COUNTY": null}, "metadata": {"parsing_succeeded": true, "extraction_time_seconds": 5.1831910610198975, "assessment_time_seconds": 13.149346590042114, "granular_assessment_used": true, "assessment_tasks_total": 6, "assessment_tasks_successful": 6, "assessment_tasks_failed": 0}, "explainability_info": [{"STATE_NAME": {"confidence": 1.0, "geometry": [{"boundingBox": {"top": 0.29, "left": 0.48, "width": 0.025, "height": 0.015}, "page": 1}], "confidence_threshold": 0.8}, "NAME_DETAILS": {"SuffixName": {"confidence": 0.0}, "LastName": {"confidence": 1.0, "geometry": [{"boundingBox": {"top": 0.24, "left": 0.425, "width": 0.06, "height": 0.025}, "page": 1}]}, "MiddleName": {"confidence": 0.0}, "FirstName": {"confidence": 1.0, "geometry": [{"boundingBox": {"top": 0.24, "left": 0.388, "width": 0.03, "height": 0.025}, "page": 1}]}, "confidence_threshold": 0.8}, "ID_NUMBER": {"confidence": 1.0, "geometry": [{"boundingBox": {"top": 0.15, "left": 0.425, "width": 0.325, "height": 0.035}, "page": 1}], "confidence_threshold": 0.8}, "EXPIRATION_DATE": {"confidence": 1.0, "geometry": [{"boundingBox": {"top": 0.149, "left": 0.254, "width": 0.115, "height": 0.022}, "page": 1}], "confidence_threshold": 0.8}, "PERSONAL_DETAILS": {"HAIR_COLOR": {"confidence": 0.99, "geometry": [{"boundingBox": {"top": 0.363, "left": 0.67, "width": 0.046, "height": 0.019}, "page": 1}]}, "HEIGHT": {"confidence": 0.99, "geometry": [{"boundingBox": {"top": 0.384, "left": 0.578, "width": 0.052, "height": 0.019}, "page": 1}]}, "WEIGHT": {"confidence": 0.99, "geometry": [{"boundingBox": {"top": 0.384, "left": 0.675, "width": 0.061, "height": 0.019}, "page": 1}]}, "SEX": {"confidence": 0.99, "geometry": [{"boundingBox": {"top": 0.369, "left": 0.575, "width": 0.019, "height": 0.017}, "page": 1}]}, "EYE_COLOR": {"confidence": 0.99, "geometry": [{"boundingBox": {"top": 0.359, "left": 0.768, "width": 0.048, "height": 0.02}, "page": 1}]}, "confidence_threshold": 0.8}, "CLASS": {"confidence": 0.98, "geometry": [{"boundingBox": {"top": 0.186, "left": 0.819, "width": 0.029, "height": 0.022}, "page": 1}], "confidence_threshold": 0.8}, "ADDRESS_DETAILS": {"City": {"confidence": 0.99, "geometry": [{"boundingBox": {"top": 0.295, "left": 0.392, "width": 0.063, "height": 0.014}, "page": 1}]}, "Line1": {"confidence": 0.99, "geometry": [{"boundingBox": {"top": 0.279, "left": 0.392, "width": 0.118, "height": 0.014}, "page": 1}]}, "State": {"confidence": 0.99, "geometry": [{"boundingBox": {"top": 0.295, "left": 0.458, "width": 0.022, "height": 0.014}, "page": 1}]}, "ZipCode": {"confidence": 0.99, "geometry": [{"boundingBox": {"top": 0.295, "left": 0.483, "width": 0.045, "height": 0.014}, "page": 1}]}, "Line2": {"confidence": 0.0, "geometry": [{"boundingBox": {"top": 0.0, "left": 0.0, "width": 0.0, "height": 0.0}, "page": 1}]}, "confidence_threshold": 0.8}, "DATE_OF_BIRTH": {"confidence": 1.0, "geometry": [{"boundingBox": {"top": 0.319, "left": 0.46, "width": 0.113, "height": 0.021}, "page": 1}], "confidence_threshold": 0.8}, "DATE_OF_ISSUE": {"confidence": 0.0, "geometry": [{"boundingBox": {"top": 0.0, "left": 0.0, "width": 0.0, "height": 0.0}, "page": 1}], "confidence_threshold": 0.8}, "COUNTY": {"confidence": 0.0, "confidence_threshold": 0.8}, "ENDORSEMENTS": [{"CLASS": {"confidence": 0.979, "geometry": [{"boundingBox": {"top": 0.188, "left": 0.753, "width": 0.093, "height": 0.024}, "page": 1}], "confidence_threshold": 0.9}, "LN": {"confidence": 1.0, "geometry": [{"boundingBox": {"top": 0.238, "left": 0.388, "width": 0.028, "height": 0.022}, "page": 1}], "confidence_threshold": 0.9}, "DOE": {"confidence": 1.0, "geometry": [{"boundingBox": {"top": 0.238, "left": 0.428, "width": 0.047, "height": 0.022}, "page": 1}], "confidence_threshold": 0.9}, "FN": {"confidence": 1.0, "geometry": [{"boundingBox": {"top": 0.261, "left": 0.388, "width": 0.027, "height": 0.021}, "page": 1}], "confidence_threshold": 0.9}, "JOHN": {"confidence": 1.0, "geometry": [{"boundingBox": {"top": 0.261, "left": 0.427, "width": 0.063, "height": 0.021}, "page": 1}], "confidence_threshold": 0.9}, "ANY_STREET": {"confidence": 0.999, "geometry": [{"boundingBox": {"top": 0.282, "left": 0.39, "width": 0.119, "height": 0.013}, "page": 1}], "confidence_threshold": 0.9}, "ANY_CITY": {"confidence": 0.997, "geometry": [{"boundingBox": {"top": 0.295, "left": 0.39, "width": 0.066, "height": 0.013}, "page": 1}], "confidence_threshold": 0.9}, "CA_92127": {"confidence": 0.997, "geometry": [{"boundingBox": {"top": 0.295, "left": 0.459, "width": 0.07, "height": 0.013}, "page": 1}], "confidence_threshold": 0.9}, "DOB": {"confidence": 1.0, "geometry": [{"boundingBox": {"top": 0.326, "left": 0.398, "width": 0.043, "height": 0.021}, "page": 1}], "confidence_threshold": 0.9}, "09/21/1970": {"confidence": 1.0, "geometry": [{"boundingBox": {"top": 0.32, "left": 0.46, "width": 0.113, "height": 0.02}, "page": 1}], "confidence_threshold": 0.9}, "SSN": {"confidence": 1.0, "geometry": [{"boundingBox": {"top": 0.348, "left": 0.398, "width": 0.043, "height": 0.021}, "page": 1}], "confidence_threshold": 0.9}, "ON_FILE": {"confidence": 1.0, "geometry": [{"boundingBox": {"top": 0.348, "left": 0.459, "width": 0.084, "height": 0.021}, "page": 1}], "confidence_threshold": 0.9}, "DONOR": {"confidence": 0.998, "geometry": [{"boundingBox": {"top": 0.379, "left": 0.398, "width": 0.047, "height": 0.013}, "page": 1}], "confidence_threshold": 0.9}, "SEX": {"confidence": 0.999, "geometry": [{"boundingBox": {"top": 0.375, "left": 0.529, "width": 0.036, "height": 0.017}, "page": 1}], "confidence_threshold": 0.9}, "M": {"confidence": 0.999, "geometry": [{"boundingBox": {"top": 0.375, "left": 0.571, "width": 0.017, "height": 0.017}, "page": 1}], "confidence_threshold": 0.9}, "HAIR": {"confidence": 0.999, "geometry": [{"boundingBox": {"top": 0.37, "left": 0.623, "width": 0.047, "height": 0.02}, "page": 1}], "confidence_threshold": 0.9}, "BLK": {"confidence": 0.999, "geometry": [{"boundingBox": {"top": 0.369, "left": 0.675, "width": 0.039, "height": 0.021}, "page": 1}], "confidence_threshold": 0.9}, "EYES": {"confidence": 0.999, "geometry": [{"boundingBox": {"top": 0.365, "left": 0.72, "width": 0.048, "height": 0.021}, "page": 1}], "confidence_threshold": 0.9}, "BLU": {"confidence": 0.999, "geometry": [{"boundingBox": {"top": 0.36, "left": 0.773, "width": 0.047, "height": 0.021}, "page": 1}], "confidence_threshold": 0.9}, "HGT": {"confidence": 0.993, "geometry": [{"boundingBox": {"top": 0.392, "left": 0.53, "width": 0.04, "height": 0.02}, "page": 1}], "confidence_threshold": 0.9}, "5'11\"": {"confidence": 0.993, "geometry": [{"boundingBox": {"top": 0.388, "left": 0.575, "width": 0.055, "height": 0.024}, "page": 1}], "confidence_threshold": 0.9}, "WGT": {"confidence": 0.993, "geometry": [{"boundingBox": {"top": 0.388, "left": 0.635, "width": 0.04, "height": 0.02}, "page": 1}], "confidence_threshold": 0.9}, "185LB": {"confidence": 0.993, "geometry": [{"boundingBox": {"top": 0.383, "left": 0.68, "width": 0.058, "height": 0.02}, "page": 1}], "confidence_threshold": 0.9}, "US": {"confidence": 0.902, "geometry": [{"boundingBox": {"top": 0.415, "left": 0.481, "width": 0.025, "height": 0.016}, "page": 1}], "confidence_threshold": 0.9}, "11/05/2001": {"confidence": 0.902, "geometry": [{"boundingBox": {"top": 0.415, "left": 0.511, "width": 0.081, "height": 0.016}, "page": 1}], "confidence_threshold": 0.9}, "266737RP": {"confidence": 0.902, "geometry": [{"boundingBox": {"top": 0.41, "left": 0.597, "width": 0.083, "height": 0.021}, "page": 1}], "confidence_threshold": 0.9}, "AMER": {"confidence": 0.902, "geometry": [{"boundingBox": {"top": 0.41, "left": 0.685, "width": 0.044, "height": 0.021}, "page": 1}], "confidence_threshold": 0.9}, "19": {"confidence": 0.902, "geometry": [{"boundingBox": {"top": 0.415, "left": 0.733, "width": 0.016, "height": 0.016}, "page": 1}], "confidence_threshold": 0.9}}], "RESTRICTIONS": [{"CLASS": {"confidence": 0.979, "geometry": [{"boundingBox": {"top": 0.188, "left": 0.753, "width": 0.093, "height": 0.024}, "page": 1}], "confidence_threshold": 0.9}, "LN": {"confidence": 1.0, "geometry": [{"boundingBox": {"top": 0.238, "left": 0.388, "width": 0.028, "height": 0.022}, "page": 1}], "confidence_threshold": 0.9}, "DOE": {"confidence": 1.0, "geometry": [{"boundingBox": {"top": 0.238, "left": 0.428, "width": 0.048, "height": 0.022}, "page": 1}], "confidence_threshold": 0.9}, "FN": {"confidence": 1.0, "geometry": [{"boundingBox": {"top": 0.261, "left": 0.388, "width": 0.027, "height": 0.021}, "page": 1}], "confidence_threshold": 0.9}, "JOHN": {"confidence": 1.0, "geometry": [{"boundingBox": {"top": 0.261, "left": 0.427, "width": 0.064, "height": 0.021}, "page": 1}], "confidence_threshold": 0.9}, "123 ANY STREET": {"confidence": 0.999, "geometry": [{"boundingBox": {"top": 0.282, "left": 0.388, "width": 0.123, "height": 0.013}, "page": 1}], "confidence_threshold": 0.9}, "ANY CITY, CA 92127": {"confidence": 0.997, "geometry": [{"boundingBox": {"top": 0.295, "left": 0.388, "width": 0.142, "height": 0.013}, "page": 1}], "confidence_threshold": 0.9}, "DOB": {"confidence": 1.0, "geometry": [{"boundingBox": {"top": 0.326, "left": 0.398, "width": 0.043, "height": 0.021}, "page": 1}], "confidence_threshold": 0.9}, "09/21/1970": {"confidence": 1.0, "geometry": [{"boundingBox": {"top": 0.321, "left": 0.46, "width": 0.115, "height": 0.021}, "page": 1}], "confidence_threshold": 0.9}, "SSN": {"confidence": 1.0, "geometry": [{"boundingBox": {"top": 0.348, "left": 0.398, "width": 0.043, "height": 0.021}, "page": 1}], "confidence_threshold": 0.9}, "ON FILE": {"confidence": 1.0, "geometry": [{"boundingBox": {"top": 0.348, "left": 0.459, "width": 0.085, "height": 0.021}, "page": 1}], "confidence_threshold": 0.9}, "DONOR": {"confidence": 0.998, "geometry": [{"boundingBox": {"top": 0.379, "left": 0.398, "width": 0.048, "height": 0.013}, "page": 1}], "confidence_threshold": 0.9}, "SEX": {"confidence": 0.999, "geometry": [{"boundingBox": {"top": 0.374, "left": 0.529, "width": 0.036, "height": 0.021}, "page": 1}], "confidence_threshold": 0.9}, "M": {"confidence": 0.999, "geometry": [{"boundingBox": {"top": 0.374, "left": 0.576, "width": 0.017, "height": 0.021}, "page": 1}], "confidence_threshold": 0.9}, "HAIR": {"confidence": 0.999, "geometry": [{"boundingBox": {"top": 0.369, "left": 0.624, "width": 0.048, "height": 0.021}, "page": 1}], "confidence_threshold": 0.9}, "BLK": {"confidence": 0.999, "geometry": [{"boundingBox": {"top": 0.369, "left": 0.679, "width": 0.039, "height": 0.021}, "page": 1}], "confidence_threshold": 0.9}, "EYES": {"confidence": 0.999, "geometry": [{"boundingBox": {"top": 0.364, "left": 0.724, "width": 0.046, "height": 0.021}, "page": 1}], "confidence_threshold": 0.9}, "BLU": {"confidence": 0.999, "geometry": [{"boundingBox": {"top": 0.364, "left": 0.776, "width": 0.045, "height": 0.021}, "page": 1}], "confidence_threshold": 0.9}, "HGT": {"confidence": 0.993, "geometry": [{"boundingBox": {"top": 0.395, "left": 0.53, "width": 0.042, "height": 0.021}, "page": 1}], "confidence_threshold": 0.9}, "5'11\"": {"confidence": 0.993, "geometry": [{"boundingBox": {"top": 0.39, "left": 0.578, "width": 0.055, "height": 0.021}, "page": 1}], "confidence_threshold": 0.9}, "WGT": {"confidence": 0.993, "geometry": [{"boundingBox": {"top": 0.39, "left": 0.639, "width": 0.041, "height": 0.021}, "page": 1}], "confidence_threshold": 0.9}, "185LB": {"confidence": 0.993, "geometry": [{"boundingBox": {"top": 0.39, "left": 0.686, "width": 0.056, "height": 0.021}, "page": 1}], "confidence_threshold": 0.9}, "US": {"confidence": 0.902, "geometry": [{"boundingBox": {"top": 0.416, "left": 0.482, "width": 0.026, "height": 0.021}, "page": 1}], "confidence_threshold": 0.9}, "11/05/2001266737RP/AMER/19": {"confidence": 0.902, "geometry": [{"boundingBox": {"top": 0.411, "left": 0.514, "width": 0.204, "height": 0.021}, "page": 1}], "confidence_threshold": 0.9}}]}]}