{"document_class": {"type": "Bank-Statement"}, "split_document": {"page_indices": [0]}, "inference_result": {"account_holder_address": {"Line1": "100 Main Street", "City": "Anytown", "State": "USA", "ZipCode": "555-0100", "Line2": null}, "account_number": "333 008755555", "account_type": null, "account_summary": [{"summary_desc": "Your opening account balance as at 1 MAY 2021", "summary_amount": "$50,000.00"}, {"summary_desc": "Your closing account balance as at 31 MAY 2021", "summary_amount": "$123,084.85"}], "statement_end_date": "05/31/2021", "statement_start_date": "05/01/2021", "account_holder_name": "Jane Doe", "branch_transit_number": null, "bank_name": null, "transaction_details": null}, "metadata": {"parsing_succeeded": true, "extraction_time_seconds": 5.402510166168213, "assessment_time_seconds": 3.7229866981506348, "granular_assessment_used": true, "assessment_tasks_total": 5, "assessment_tasks_successful": 5, "assessment_tasks_failed": 0}, "explainability_info": [{"account_holder_address": {"Line1": {"confidence": 0.99, "geometry": [{"boundingBox": {"top": 0.21, "left": 0.08, "width": 0.11, "height": 0.012}, "page": 1}]}, "City": {"confidence": 0.99, "geometry": [{"boundingBox": {"top": 0.21, "left": 0.195, "width": 0.04, "height": 0.012}, "page": 1}]}, "State": {"confidence": 0.99, "geometry": [{"boundingBox": {"top": 0.21, "left": 0.24, "width": 0.025, "height": 0.012}, "page": 1}]}, "ZipCode": {"confidence": 0.99, "geometry": [{"boundingBox": {"top": 0.227, "left": 0.08, "width": 0.06, "height": 0.012}, "page": 1}]}, "Line2": {"confidence": 0.0}, "confidence_threshold": 0.8}, "account_number": {"confidence": 0.99, "geometry": [{"boundingBox": {"top": 0.21, "left": 0.688, "width": 0.127, "height": 0.015}, "page": 1}], "confidence_threshold": 0.8}, "account_type": {"confidence": 0.0, "confidence_threshold": 0.8}, "statement_end_date": {"confidence": 0.95, "geometry": [{"boundingBox": {"top": 0.191, "left": 0.81, "width": 0.119, "height": 0.016}, "page": 1}], "confidence_threshold": 0.8}, "statement_start_date": {"confidence": 0.95, "geometry": [{"boundingBox": {"top": 0.191, "left": 0.687, "width": 0.102, "height": 0.016}, "page": 1}], "confidence_threshold": 0.8}, "account_holder_name": {"confidence": 0.99, "geometry": [{"boundingBox": {"top": 0.195, "left": 0.08, "width": 0.062, "height": 0.013}, "page": 1}], "confidence_threshold": 0.8}, "branch_transit_number": {"confidence": 0.0, "confidence_threshold": 0.8}, "bank_name": {"confidence": 0.0, "confidence_threshold": 0.8}, "account_summary": [{"Your opening account balance as at 1 MAY 2021": {"confidence": 0.99, "geometry": [{"boundingBox": {"top": 0.35, "left": 0.104, "width": 0.406, "height": 0.016}, "page": 1}], "confidence_threshold": 0.9}, "summary_amount": {"confidence": 1.0, "geometry": [{"boundingBox": {"top": 0.35, "left": 0.538, "width": 0.092, "height": 0.016}, "page": 1}], "confidence_threshold": 0.9}}, {"Your closing account balance as at 31 MAY 2021": {"confidence": 1.0, "geometry": [{"boundingBox": {"top": 0.369, "left": 0.103, "width": 0.408, "height": 0.016}, "page": 1}], "confidence_threshold": 0.9}, "$123,084.85": {"confidence": 1.0, "geometry": [{"boundingBox": {"top": 0.369, "left": 0.538, "width": 0.103, "height": 0.016}, "page": 1}], "confidence_threshold": 0.9}}]}]}